first_name,second_name,goals_scored,assists,total_points,minutes,goals_conceded,creativity,influence,threat,bonus,bps,ict_index,clean_sheets,red_cards,yellow_cards,selected_by_percent,now_cost,full_name
Petr,Cech,0,0,24,585,9,0.0,205.0,0.0,3,130,20.4,1,0,0,1.1,47,Petr Cech
Bernd,Leno,0,0,106,2835,42,0.0,807.2,0.0,5,568,80.5,6,0,0,4.0,49,Bernd Leno
Laurent,Koscielny,3,0,62,1329,23,29.5,456.4,105.0,8,319,59.1,3,0,1,0.9,54,Laurent Koscielny
Héctor,Bellerín,0,5,60,1532,21,197.8,261.6,280.0,5,304,73.7,4,0,3,4.5,53,Hector Bellerin
Nacho,Monreal,1,4,77,1860,24,196.6,413.2,224.0,7,392,83.4,5,0,5,1.3,54,Nacho Monreal
Rob,Holding,0,0,24,806,10,28.7,187.8,14.0,5,148,23.2,1,0,1,0.4,43,Rob Holding
Shkodran,Mustafi,2,0,80,2611,40,106.0,718.6,252.0,5,475,107.8,6,0,9,1.3,54,Shkodran Mustafi
Sead,Kolasinac,0,7,81,1886,29,445.9,323.2,242.0,10,382,101.0,5,0,5,5.4,49,Sead Kolasinac
Stephan,Lichtsteiner,0,0,14,935,18,61.1,113.0,23.0,0,89,20.0,0,0,3,0.8,45,Stephan Lichtsteiner
Sokratis,Papastathopoulos,1,2,64,2198,33,67.9,513.8,120.0,4,402,70.4,5,0,12,1.2,51,Sokratis Papastathopoulos
Mesut,Özil,5,3,89,1732,24,714.2,429.6,254.0,9,363,140.0,5,0,2,2.6,79,Mesut Ozil
Aaron,Ramsey,4,6,91,1319,13,387.2,418.4,502.0,4,298,131.0,9,0,0,0.9,71,Aaron Ramsey
Alex,Iwobi,3,8,99,1961,32,596.7,469.0,646.0,3,382,171.1,4,0,0,1.5,54,Alex Iwobi
Granit,Xhaka,4,3,90,2498,37,674.0,634.6,215.0,8,452,152.6,7,0,10,2.3,52,Granit Xhaka
Henrikh,Mkhitaryan,6,4,98,1637,26,454.9,446.4,600.0,12,354,150.2,3,0,1,4.6,66,Henrikh Mkhitaryan
Ainsley,Maitland-Niles,1,1,34,983,20,98.9,224.2,126.0,3,152,44.8,2,1,1,0.4,44,Ainsley Maitland-Niles
Alexandre,Lacazette,13,12,166,2497,31,482.4,808.0,1319.0,20,560,260.6,6,0,2,11.4,94,Alexandre Lacazette
Pierre-Emerick,Aubameyang,22,7,205,2722,42,484.6,984.4,1429.0,32,756,289.6,7,0,0,18.8,108,Pierre-Emerick Aubameyang
Lucas,Torreira,2,4,78,2377,38,301.0,440.8,203.0,6,409,94.5,5,1,7,2.6,47,Lucas Torreira
Matteo,Guendouzi,0,0,47,2140,32,312.4,323.2,130.0,0,321,76.6,3,0,9,1.6,44,Matteo Guendouzi
Asmir,Begovic,0,0,63,2160,47,0.0,440.6,0.0,4,363,44.2,5,0,0,2.7,43,Asmir Begovic
Artur,Boruc,0,0,46,1080,18,0.0,302.0,0.0,4,218,30.3,4,0,2,8.6,41,Artur Boruc
Simon,Francis,0,2,40,1227,24,173.3,332.4,39.0,0,244,54.4,4,0,1,0.2,43,Simon Francis
Steve,Cook,1,1,85,2786,56,143.3,731.0,292.0,6,549,116.5,9,0,3,4.2,43,Steve Cook
Charlie,Daniels,1,0,44,1583,34,215.4,289.8,156.0,1,278,66.2,4,0,4,3.2,41,Charlie Daniels
Adam,Smith,1,1,70,2067,33,199.8,374.0,110.0,1,383,68.5,8,1,5,0.4,43,Adam Smith
Nathan,Aké,4,1,120,3411,70,125.9,1002.0,440.0,8,716,156.8,10,0,3,6.1,51,Nathan Ake
Andrew,Surman,0,0,36,1438,37,163.0,190.8,38.0,0,206,39.2,4,0,2,0.1,46,Andrew Surman
Junior,Stanislas,2,3,56,1021,24,254.5,225.2,340.0,3,205,82.0,2,0,1,0.1,60,Junior Stanislas
Dan,Gosling,2,2,54,1734,33,164.7,400.6,217.0,0,237,78.1,4,0,8,0.1,47,Dan Gosling
Jordon,Ibe,1,1,33,789,23,174.8,131.2,155.0,0,105,46.0,1,0,1,0.2,49,Jordon Ibe
Lewis,Cook,0,0,22,719,10,50.4,76.0,36.0,0,91,16.5,3,0,2,0.1,46,Lewis Cook
Ryan,Fraser,7,14,181,3165,64,1382.4,930.6,696.0,23,751,301.2,9,0,2,23.7,64,Ryan Fraser
David,Brooks,7,6,123,2263,41,466.7,598.0,609.0,7,414,167.5,9,0,3,3.6,50,David Brooks
Callum,Wilson,14,12,168,2528,47,388.4,737.8,1137.0,22,525,225.0,9,0,3,20.3,69,Callum Wilson
Joshua,King,12,3,141,2963,57,535.7,655.4,1058.0,20,457,223.8,10,0,3,5.1,64,Joshua King
Nathaniel,Clyne,0,1,34,1250,26,100.2,199.4,72.0,0,201,36.9,3,0,2,0.6,44,Nathaniel Clyne
Diego,Rico,0,0,8,606,19,171.6,107.4,36.0,0,89,31.4,0,0,1,0.0,41,Diego Rico
Jefferson,Lerma,2,2,75,2505,49,245.8,539.6,174.0,6,410,96.2,9,0,12,0.3,45,Jefferson Lerma
Chris,Mepham,0,1,27,848,17,24.1,177.2,22.0,0,158,22.5,2,0,1,0.1,45,Chris Mepham
Mathew,Ryan,0,0,104,3060,55,0.0,707.0,0.0,11,547,70.9,6,0,2,4.9,44,Mathew Ryan
Lewis,Dunk,2,1,91,3151,56,132.9,805.8,245.0,6,573,118.7,7,1,5,3.4,44,Lewis Dunk
Shane,Duffy,5,2,115,3087,55,84.1,1024.4,499.0,9,582,160.9,7,1,4,8.1,47,Shane Duffy
Bruno,Grau,0,1,46,1131,17,102.0,181.6,14.0,7,229,29.8,4,0,2,0.3,44,Bruno Grau
Gaëtan,Bong,0,0,48,1805,34,153.3,220.0,8.0,0,254,38.0,5,0,0,0.1,44,Gaetan Bong
Leon,Balogun,1,0,15,591,10,1.1,134.0,27.0,0,86,16.2,0,0,2,0.1,42,Leon Balogun
Anthony,Knockaert,2,6,74,1828,41,580.8,389.6,345.0,2,293,131.4,3,1,4,0.5,52,Anthony Knockaert
Dale,Stephens,1,1,65,2484,46,249.3,498.2,88.0,4,404,83.6,5,1,6,3.0,43,Dale Stephens
Beram,Kayal,1,1,36,935,17,59.3,224.0,53.0,0,136,33.6,4,0,4,0.3,44,Beram Kayal
Solomon,March,1,6,94,2459,40,684.5,474.6,405.0,5,342,156.6,6,0,1,0.7,47,Solomon March
Pascal,Groß,3,3,80,1864,31,815.3,456.0,344.0,12,347,161.7,3,0,1,1.5,67,Pascal Gross
Davy,Pröpper,1,1,72,2546,45,279.1,389.2,121.0,3,351,79.2,4,0,2,0.2,48,Davy Propper
José,Mena,0,2,31,789,10,77.3,75.4,147.0,0,95,30.0,3,0,1,0.1,59,Jose Mena
Glenn,Murray,13,1,129,2501,45,190.0,478.0,835.0,16,337,148.1,4,0,5,2.8,61,Glenn Murray
Jürgen,Locadia,2,0,52,1225,21,190.8,154.4,356.0,6,155,69.7,3,0,1,0.3,53,Jurgen Locadia
Florin,Andone,3,0,38,866,14,48.6,147.2,361.0,2,74,54.9,2,0,5,0.2,50,Florin Andone
Bernardo,Junior,0,1,39,1749,29,172.6,444.2,83.0,0,290,70.0,2,0,4,0.1,42,Bernardo Junior
Yves,Bissouma,0,0,43,1764,32,213.0,253.4,201.0,0,170,66.8,3,0,5,0.0,46,Yves Bissouma
Alireza,Jahanbakhsh,0,0,33,1014,16,104.0,94.4,162.0,0,61,35.5,5,0,2,0.6,67,Alireza Jahanbakhsh
Martín,Montoya,0,1,45,2166,41,289.2,437.6,58.0,1,351,78.6,3,0,4,0.2,43,Martin Montoya
Tom,Heaton,0,0,58,1710,27,20.1,442.8,4.0,4,323,46.6,4,0,3,0.5,48,Tom Heaton
Matthew,Lowton,0,0,34,1748,41,158.6,338.0,48.0,1,269,54.6,4,0,7,0.2,46,Matthew Lowton
Ben,Mee,0,2,81,3420,68,113.8,885.4,238.0,5,572,123.9,8,0,9,1.6,46,Ben Mee
James,Tarkowski,3,2,97,3086,63,69.8,1023.2,450.0,7,524,154.5,7,0,8,4.2,47,James Tarkowski
Kevin,Long,0,1,16,513,9,11.6,147.8,8.0,0,101,16.8,1,0,0,0.3,41,Kevin Long
Charlie,Taylor,0,1,82,3240,64,268.5,649.4,30.0,2,505,94.9,7,0,2,0.5,44,Charlie Taylor
Phil,Bardsley,0,0,33,1670,27,139.6,267.8,66.0,0,224,47.4,4,0,9,0.1,42,Phil Bardsley
Johann,Gudmundsson,3,7,92,1743,39,574.1,456.2,380.0,6,339,141.1,5,0,2,1.0,55,Johann Gudmundsson
Jeff,Hendrick,2,2,73,2058,44,205.3,233.8,269.0,3,243,70.6,4,0,4,0.2,52,Jeff Hendrick
Robbie,Brady,0,1,20,714,17,194.1,102.0,85.0,0,77,38.2,1,1,3,0.0,54,Robbie Brady
Ashley,Westwood,2,8,111,2821,55,643.1,623.0,253.0,10,518,152.3,7,0,5,3.1,46,Ashley Westwood
Jack,Cork,1,2,87,3312,63,309.7,491.4,240.0,0,446,104.3,8,0,6,0.5,46,Jack Cork
Aaron,Lennon,1,1,41,1214,22,121.2,151.6,108.0,2,133,38.0,3,0,1,0.3,49,Aaron Lennon
Sam,Vokes,3,0,48,907,20,108.6,152.0,292.0,7,130,54.3,2,0,0,0.6,53,Sam Vokes
Ashley,Barnes,12,3,122,2378,41,309.9,581.2,1042.0,13,394,192.9,7,0,8,2.1,56,Ashley Barnes
Chris,Wood,10,3,131,2580,49,310.3,475.8,911.0,17,379,167.9,7,0,2,1.4,63,Chris Wood
Joe,Hart,0,0,69,1710,41,10.1,594.6,0.0,7,378,60.3,4,0,0,4.4,42,Joe Hart
Dwight,McNeil,3,4,75,1590,25,442.8,405.2,279.0,6,305,112.5,5,0,2,0.8,44,Dwight McNeil
Harry,Arter,0,1,48,1999,39,188.8,230.6,170.0,0,225,58.9,7,0,10,0.2,49,Harry Arter
Neil,Etheridge,0,0,154,3420,69,21.0,1116.8,0.0,18,775,113.6,10,0,2,10.2,46,Neil Etheridge
Sean,Morrison,1,4,97,3039,63,239.0,673.4,580.0,5,477,149.4,9,0,6,0.4,47,Sean Morrison
Sol,Bamba,4,1,95,2475,52,51.4,787.0,304.0,11,459,114.2,7,0,7,1.5,44,Sol Bamba
Bruno,Manga,0,1,97,3375,67,105.5,722.0,172.0,4,581,100.4,10,0,0,0.4,44,Bruno Manga
Joe,Bennett,0,1,77,2639,50,237.1,442.8,98.0,4,433,77.8,9,0,5,0.4,44,Joe Bennett
Lee,Peltier,0,0,43,1542,26,49.5,267.2,15.0,1,232,33.1,5,0,4,4.0,39,Lee Peltier
Joe,Ralls,0,0,45,1954,40,481.1,284.6,204.0,0,232,96.7,5,1,4,0.1,46,Joe Ralls
David,Hoilett,3,2,82,2134,46,383.4,313.2,463.0,4,230,115.3,6,0,4,0.1,50,David Hoilett
Nathaniel,Mendez-Laing,4,1,63,978,18,255.0,351.4,370.0,6,253,97.8,4,0,0,0.0,48,Nathaniel Mendez-Laing
Callum,Paterson,4,2,80,1993,41,311.9,266.8,541.0,4,227,111.7,5,0,4,0.3,48,Callum Paterson
Aron,Gunnarsson,1,1,65,2266,40,217.5,370.6,201.0,3,290,78.9,6,0,5,0.6,44,Aron Gunnarsson
Josh,Murphy,3,2,76,1810,32,267.0,285.6,550.0,3,191,109.5,7,0,2,0.2,48,Josh Murphy
Kenneth,Zohore,1,1,33,741,19,159.5,103.6,270.0,2,93,53.3,2,0,1,0.5,46,Kenneth Zohore
Bobby,Reid,5,3,80,1413,30,224.4,296.6,392.0,9,276,91.0,4,0,0,0.9,52,Bobby Reid
Oumar,Niasse,0,0,30,988,13,85.7,70.8,317.0,0,29,47.1,5,0,0,0.4,50,Oumar Niasse
Greg,Cunninghamm,0,0,9,630,17,69.7,106.4,19.0,0,72,19.6,1,0,3,0.0,41,Greg Cunninghamm
Víctor,Camarasa,5,4,106,2569,53,798.4,515.8,387.0,5,398,170.2,9,0,6,2.2,44,Victor Camarasa
Leandro,Bacuna,0,1,17,554,14,30.2,69.0,22.0,0,81,12.0,1,0,2,0.0,43,Leandro Bacuna
César,Azpilicueta,1,6,158,3402,39,525.1,815.0,286.0,11,822,163.2,16,0,4,9.6,64,Cesar Azpilicueta
Marcos,Alonso,2,8,161,2759,28,520.1,619.0,475.0,21,702,161.7,14,0,6,22.1,62,Marcos Alonso
David,Marinho,3,2,164,3238,36,358.7,859.0,363.0,19,794,158.0,16,0,3,11.7,58,David Marinho
Antonio,Rüdiger,1,2,116,2871,35,143.6,566.8,273.0,9,609,98.5,12,0,7,2.9,59,Antonio Rudiger
Andreas,Christensen,0,0,22,615,7,8.4,120.6,6.0,0,133,13.6,3,0,1,0.4,50,Andreas Christensen
Emerson,Santos,0,0,22,660,11,113.8,104.6,81.0,1,130,30.0,2,0,0,0.2,52,Emerson Santos
Eden,Hazard,16,15,238,2918,35,1471.2,1306.2,1546.0,35,879,432.7,12,0,2,27.2,110,Eden Hazard
Willian,Silva,3,7,108,2091,25,1165.5,557.6,742.0,6,475,246.7,11,0,2,3.8,71,Willian Silva
Pedro,Ledesma,8,2,112,1768,19,503.5,530.2,733.0,12,440,176.5,7,0,2,3.3,62,Pedro Ledesma
N'Golo,Kanté,4,4,116,3092,38,766.3,683.6,412.0,3,563,186.4,14,0,3,15.8,49,N'Golo Kante
Ross,Barkley,3,5,79,1231,13,349.0,324.0,429.0,5,300,110.0,7,0,1,1.3,50,Ross Barkley
Ruben,Loftus-Cheek,6,2,79,980,9,254.9,391.6,346.0,6,292,99.4,5,0,0,0.8,52,Ruben Loftus-Cheek
Olivier,Giroud,2,4,55,828,5,253.6,183.2,519.0,2,169,94.5,6,0,1,1.9,77,Olivier Giroud
Álvaro,Morata,5,0,46,936,11,130.2,219.8,523.0,3,119,86.3,6,0,3,1.3,84,Alvaro Morata
Jorge,Filho,2,0,96,3156,37,628.4,691.4,122.0,4,577,144.2,16,0,8,5.8,46,Jorge Filho
Kepa,Arrizabalaga,0,0,142,3240,39,0.1,681.0,0.0,7,685,68.0,14,0,2,4.9,54,Kepa Arrizabalaga
Mateo,Kovacic,0,2,64,1725,19,468.8,315.4,311.0,2,343,109.9,9,0,3,0.7,57,Mateo Kovacic
Gonzalo,Higuaín,5,0,53,1084,15,241.7,240.4,644.0,6,178,112.0,5,0,0,1.5,90,Gonzalo Higuain
Wayne,Hennessey,0,0,67,1575,26,0.0,358.8,0.0,6,311,35.9,5,0,0,2.4,44,Wayne Hennessey
Vicente,Guaita,0,0,81,1754,23,0.0,448.0,0.0,8,378,44.8,7,0,2,2.4,43,Vicente Guaita
James,Tomkins,1,1,86,2561,37,83.0,560.8,276.0,0,504,92.3,10,0,6,2.3,43,James Tomkins
Scott,Dann,0,1,23,661,10,22.5,186.2,71.0,0,129,28.1,2,0,1,0.1,44,Scott Dann
Martin,Kelly,0,0,26,1110,21,17.1,269.8,34.0,1,166,32.2,3,0,2,5.0,39,Martin Kelly
Jeffrey,Schlupp,4,3,91,1660,26,240.5,385.2,430.0,3,301,105.7,4,0,1,2.5,43,Jeffrey Schlupp
Patrick,Aanholt,3,2,140,3196,46,520.4,616.0,448.0,17,626,158.7,12,0,3,5.7,55,Patrick Aanholt
Mamadou,Sakho,0,0,88,2416,35,78.2,540.6,47.0,13,533,66.6,9,0,2,1.2,49,Mamadou Sakho
Aaron,Wan-Bissaka,0,3,120,3134,47,266.8,863.4,139.0,18,672,127.1,12,1,4,26.3,46,Aaron Wan-Bissaka
James,McArthur,3,7,121,3057,49,457.2,666.8,487.0,7,500,161.3,11,0,7,3.4,49,James McArthur
Andros,Townsend,6,5,135,3007,46,928.5,743.0,622.0,8,520,229.6,11,0,1,3.5,56,Andros Townsend
Luka,Milivojevic,12,2,166,3420,53,910.1,1078.2,473.0,24,741,246.3,12,0,10,10.6,65,Luka Milivojevic
Wilfried,Zaha,10,11,143,3037,49,753.3,752.8,1200.0,13,459,270.6,11,1,8,15.6,70,Wilfried Zaha
Christian,Benteke,1,1,33,807,13,118.4,106.0,348.0,3,65,56.1,3,0,1,0.5,63,Christian Benteke
Cheikhou,Kouyaté,0,3,67,1889,30,198.5,337.4,222.0,0,251,75.6,9,0,3,0.2,47,Cheikhou Kouyate
Joel,Ward,1,0,13,551,14,28.9,131.8,43.0,0,68,20.5,0,0,1,0.2,43,Joel Ward
Max,Meyer,1,3,60,1405,24,309.9,236.0,433.0,0,223,98.0,6,0,3,0.2,55,Max Meyer
Jordan,Ayew,1,3,46,1176,13,207.3,140.2,421.0,2,114,76.7,5,0,3,0.2,57,Jordan Ayew
Michy,Batshuayi,5,1,48,748,11,41.4,198.6,406.0,5,159,64.2,3,0,0,0.8,62,Michy Batshuayi
Jordan,Pickford,0,0,161,3420,46,10.0,776.4,0.0,13,706,78.5,14,0,1,13.3,49,Jordan Pickford
Seamus,Coleman,2,2,125,2558,30,387.3,515.2,274.0,12,548,117.6,13,0,1,1.6,52,Seamus Coleman
Jonjoe,Kenny,0,1,19,789,15,102.7,166.2,12.0,0,134,28.0,1,0,1,0.2,41,Jonjoe Kenny
Michael,Keane,1,2,129,2970,39,101.2,740.2,326.0,15,642,117.2,13,0,2,4.3,48,Michael Keane
Theo,Walcott,5,3,101,2108,33,342.9,420.0,699.0,4,292,145.7,6,0,1,2.5,59,Theo Walcott
Morgan,Schneiderlin,0,1,28,832,9,124.7,151.6,17.0,0,152,29.4,5,0,2,1.8,42,Morgan Schneiderlin
Idrissa,Gueye,0,2,78,2821,31,311.3,629.2,168.0,0,472,111.1,13,0,6,0.3,47,Idrissa Gueye
Tom,Davies,0,0,26,975,19,96.2,122.6,103.0,0,127,32.1,2,0,3,0.1,50,Tom Davies
Ademola,Lookman,0,3,34,600,8,172.1,131.4,211.0,0,110,51.6,1,0,0,0.1,49,Ademola Lookman
Gylfi,Sigurdsson,13,6,182,3122,41,1098.5,959.8,1084.0,20,662,314.2,15,0,3,8.3,74,Gylfi Sigurdsson
Dominic,Calvert-Lewin,6,5,92,1769,26,185.7,321.8,618.0,3,267,111.5,8,0,3,1.9,54,Dominic Calvert-Lewin
Cenk,Tosun,3,3,56,1044,17,172.2,212.6,546.0,3,166,92.8,1,0,3,1.5,64,Cenk Tosun
Richarlison,Andrade,13,3,153,2662,36,350.7,698.4,1209.0,12,400,224.5,11,1,5,13.3,64,Richarlison Andrade
Lucas,Digne,4,5,158,2964,38,1142.0,883.0,300.0,22,736,232.7,13,1,5,10.2,54,Lucas Digne
Yerry,Mina,1,0,36,891,13,37.5,198.2,61.0,2,176,29.6,3,0,3,0.5,54,Yerry Mina
Bernard,Duarte,1,4,88,2108,19,589.6,366.0,377.0,5,319,133.3,13,0,5,0.3,59,Bernard Duarte
André,Gomes,1,2,64,1977,28,154.6,268.4,207.0,2,268,63.1,9,0,7,0.2,54,Andre Gomes
Kurt,Zouma,2,2,112,2613,39,83.7,565.2,235.0,12,543,88.8,10,1,3,1.0,50,Kurt Zouma
Calum,Chambers,2,0,60,2586,52,231.9,609.0,401.0,0,431,124.5,5,0,9,1.1,42,Calum Chambers
Marcus,Bettinelli,0,0,15,630,20,0.0,195.0,0.0,0,114,19.4,0,0,1,0.3,42,Marcus Bettinelli
Tim,Ream,0,0,50,2046,49,46.3,331.6,3.0,4,349,38.3,5,0,1,0.3,42,Tim Ream
Denis,Odoi,0,1,44,2593,62,164.2,575.2,93.0,2,427,83.5,3,0,4,0.1,44,Denis Odoi
Tom,Cairney,1,1,71,2188,51,586.7,358.0,199.0,3,389,114.5,5,0,0,0.5,46,Tom Cairney
Kevin,McDonald,0,0,17,837,27,71.9,99.6,15.0,0,123,18.7,0,1,4,0.2,42,Kevin McDonald
Ryan,Sessegnon,2,7,94,2291,60,468.3,410.4,438.0,3,295,132.0,3,0,0,1.9,60,Ryan Sessegnon
Aboubakar,Kamara,3,0,28,688,17,149.5,150.0,244.0,2,82,53.1,1,0,2,5.1,45,Aboubakar Kamara
Maxime,Marchand,0,1,38,2250,53,131.7,577.8,99.0,1,409,81.2,3,0,5,0.2,42,Maxime Marchand
Jean,Seri,1,3,72,2239,54,849.4,460.2,164.0,6,422,147.5,3,0,6,1.3,49,Jean Seri
Cyrus,Christie,0,1,42,1941,42,293.1,423.2,107.0,2,278,82.2,3,0,7,0.2,42,Cyrus Christie
André,Schürrle,6,0,75,1638,43,310.6,361.8,474.0,2,260,114.0,2,0,2,2.1,55,Andre Schurrle
Aleksandar,Mitrovic,11,4,134,3280,78,499.5,638.8,1593.0,12,350,273.4,5,0,7,10.8,63,Aleksandar Mitrovic
Alfie,Mawson,0,0,19,1130,26,23.2,259.2,31.0,2,174,31.3,1,0,2,0.1,47,Alfie Mawson
Sergio,Rico,0,0,86,2610,56,20.3,851.4,0.0,8,519,87.1,5,0,1,0.7,44,Sergio Rico
Joe,Bryan,0,1,52,2344,54,385.4,469.2,226.0,4,397,108.1,5,0,5,0.2,48,Joe Bryan
Timothy,Fosu-Mensah,0,0,14,791,18,100.3,136.4,28.0,1,119,26.4,1,0,3,0.3,45,Timothy Fosu-Mensah
André-Frank,Anguissa,0,0,37,1512,33,137.0,315.8,163.0,0,235,61.4,3,1,1,0.1,44,Andre-Frank Anguissa
Luciano,Vietto,1,4,47,980,21,306.8,206.2,346.0,4,171,85.6,1,0,1,0.4,53,Luciano Vietto
Ryan,Babel,5,4,75,1250,26,336.8,322.0,355.0,8,246,101.5,3,0,3,1.7,56,Ryan Babel
Ben,Hamer,0,0,9,552,21,0.0,158.0,0.0,0,98,15.7,0,0,0,5.3,39,Ben Hamer
Jonas,Lössl,0,1,99,2777,54,40.3,764.2,4.0,9,541,80.7,5,0,1,1.5,44,Jonas Lossl
Christopher,Schindler,1,1,76,3260,72,35.8,679.4,169.0,7,517,88.7,5,1,4,2.0,42,Christopher Schindler
Chris,Löwe,0,4,49,2052,55,379.9,325.8,183.0,6,313,88.8,1,0,2,0.1,44,Chris Lowe
Tommy,Smith,0,0,9,1141,37,116.2,161.4,36.0,0,141,31.5,1,1,2,0.1,44,Tommy Smith
Mathias,Jorgensen,3,1,67,2147,38,103.7,544.2,169.0,4,402,81.9,3,0,6,2.3,44,Mathias Jorgensen
Florent,Hadergjonaj,0,0,50,1837,36,395.7,286.8,80.0,1,307,76.2,4,0,1,0.1,43,Florent Hadergjonaj
Terence,Kongolo,1,1,60,2716,65,138.5,581.0,160.0,4,429,88.1,4,0,4,0.2,43,Terence Kongolo
Aaron,Mooy,3,1,76,2326,48,725.2,510.8,359.0,5,411,159.7,3,0,4,1.0,50,Aaron Mooy
Jonathan,Hogg,0,1,54,2369,44,271.1,390.4,70.0,3,326,72.5,5,1,8,0.2,44,Jonathan Hogg
Philip,Billing,2,0,63,2187,43,341.0,494.6,375.0,4,317,121.3,5,0,7,1.0,45,Philip Billing
Alex,Pritchard,2,0,69,2079,40,497.9,297.4,546.0,2,251,134.0,7,0,2,0.1,48,Alex Pritchard
Juninho,Bacuna,1,0,39,1410,37,278.8,246.4,131.0,1,179,65.9,0,0,4,0.4,42,Juninho Bacuna
Laurent,Depoitre,0,1,34,1058,23,124.3,51.6,381.0,0,40,54.8,0,0,1,0.3,51,Laurent Depoitre
Steve,Mounie,2,4,69,1767,38,251.7,226.4,788.0,4,153,123.9,5,1,1,0.2,58,Steve Mounie
Elias,Kachunga,0,0,29,1175,30,109.0,83.6,180.0,0,41,36.7,1,0,2,0.1,48,Elias Kachunga
Erik,Durm,0,1,49,2049,45,209.2,281.8,114.0,2,297,60.7,3,0,0,0.1,44,Erik Durm
Adama,Diakhaby,0,1,19,548,16,80.6,40.0,115.0,0,38,23.4,1,0,1,0.0,45,Adama Diakhaby
Isaac,Mbenza,1,1,38,977,25,118.5,110.4,174.0,0,127,40.0,0,0,1,0.0,59,Isaac Mbenza
Jon,Stankovic,1,0,24,715,20,28.2,166.6,101.0,2,127,29.5,2,0,2,2.9,39,Jon Stankovic
Karlan,Grant,3,2,45,873,23,109.6,141.8,308.0,5,123,55.9,1,0,0,0.2,50,Karlan Grant
Kasper,Schmeichel,0,0,120,3420,48,10.0,756.8,4.0,6,618,76.9,10,0,3,4.7,50,Kasper Schmeichel
Wes,Morgan,3,0,76,1924,28,40.1,471.0,293.0,7,365,80.5,6,2,1,1.6,45,Wes Morgan
Benjamin,Chilwell,0,5,118,3240,43,674.6,721.0,298.0,8,578,170.0,10,0,4,2.8,50,Benjamin Chilwell
Harry,Maguire,3,1,92,2596,41,165.3,715.8,462.0,10,533,134.3,6,1,6,8.3,54,Harry Maguire
Ricardo,Pereira,2,8,146,3123,45,517.6,889.0,430.0,22,693,183.7,10,0,7,10.6,53,Ricardo Pereira
Jonny,Evans,1,0,77,1993,26,66.1,460.0,158.0,3,418,68.5,8,0,2,0.4,48,Jonny Evans
Marc,Albrighton,2,2,63,1617,17,446.8,371.2,242.0,4,279,106.1,5,0,3,0.3,51,Marc Albrighton
Demarai,Gray,4,1,84,1978,29,310.2,320.2,599.0,3,244,122.5,6,0,2,0.9,54,Demarai Gray
Daniel,Amartey,0,0,15,639,9,46.7,139.0,21.0,0,103,20.8,1,0,2,0.2,43,Daniel Amartey
Wilfred,Ndidi,2,0,89,3295,47,342.4,726.0,346.0,4,571,141.6,9,0,8,0.8,49,Wilfred Ndidi
Hamza,Choudhury,0,0,20,593,4,73.7,119.6,51.0,0,80,24.6,4,0,0,0.1,43,Hamza Choudhury
James,Maddison,7,7,137,2831,44,1515.0,801.4,769.0,12,619,308.4,8,1,3,5.2,66,James Maddison
Jamie,Vardy,18,5,174,2726,36,419.9,822.0,1206.0,31,598,244.6,11,1,3,10.3,90,Jamie Vardy
Kelechi,Iheanacho,1,5,58,924,16,209.4,135.8,230.0,3,160,56.9,1,0,2,0.8,57,Kelechi Iheanacho
Rachid,Ghezzal,1,0,28,733,13,307.0,147.8,228.0,2,112,68.3,1,0,3,0.1,50,Rachid Ghezzal
Nampalys,Mendy,0,1,58,2085,29,135.5,235.8,23.0,0,291,39.5,7,0,5,0.9,43,Nampalys Mendy
Harvey,Barnes,1,3,43,1001,16,242.0,172.8,534.0,1,139,94.8,1,0,0,0.2,55,Harvey Barnes
Youri,Tielemans,3,5,63,1087,14,269.7,299.0,249.0,6,267,81.8,3,0,2,1.7,60,Youri Tielemans
Dejan,Lovren,1,1,63,986,7,29.1,255.8,72.0,9,258,35.7,6,0,1,1.5,49,Dejan Lovren
Joseph,Gomez,0,0,55,1059,4,92.1,209.8,44.0,2,268,34.7,7,0,2,1.0,48,Joseph Gomez
Joel,Matip,1,0,83,1535,12,57.9,414.6,85.0,7,402,55.9,9,0,3,1.1,49,Joel Matip
Trent,Alexander-Arnold,1,13,185,2460,14,837.4,734.4,276.0,25,753,184.7,16,0,3,26.9,58,Trent Alexander-Arnold
Virgil,Dijk,4,4,208,3384,22,111.1,993.6,455.0,22,932,156.1,20,0,1,32.3,67,Virgil Dijk
Andrew,Robertson,0,12,213,3216,20,767.2,748.8,318.0,29,906,183.6,21,0,4,33.0,67,Andrew Robertson
Jordan,Henderson,1,3,76,1976,14,311.7,358.8,182.0,2,397,85.4,12,1,1,0.7,53,Jordan Henderson
Sadio,Mané,22,3,231,3076,21,692.8,1015.8,1332.0,24,703,304.0,19,0,2,38.6,103,Sadio Mane
Georginio,Wijnaldum,3,1,108,2723,16,405.2,437.6,338.0,9,470,118.4,18,0,3,1.4,55,Georginio Wijnaldum
Mohamed,Salah,22,12,259,3254,20,973.9,1186.8,2168.0,18,687,432.7,21,0,1,33.9,132,Mohamed Salah
James,Milner,5,5,101,1778,13,725.2,587.2,374.0,12,448,169.2,9,1,5,2.5,56,James Milner
Fabio,Tavares,1,2,65,2011,14,283.4,406.2,173.0,0,305,86.4,11,0,6,0.6,55,Fabio Tavares
Naby,Keita,2,1,67,1385,8,213.1,293.6,356.0,3,246,86.3,10,0,0,1.5,71,Naby Keita
Roberto,Firmino,12,8,160,2606,15,670.1,774.8,1240.0,24,647,267.8,19,0,0,14.2,93,Roberto Firmino
Xherdan,Shaqiri,6,5,88,1052,6,344.7,363.6,282.0,4,302,99.1,7,0,2,2.1,68,Xherdan Shaqiri
Alisson,Becker,0,0,176,3420,22,0.1,677.0,0.0,9,771,67.6,21,0,1,23.4,59,Alisson Becker
Riyad,Mahrez,7,4,102,1331,9,450.8,459.4,731.0,14,349,164.1,4,0,0,1.7,82,Riyad Mahrez
Ederson,Moraes,0,1,169,3420,23,33.0,535.2,0.0,6,700,56.8,20,0,2,22.9,57,Ederson Moraes
John,Stones,0,0,83,1761,15,115.5,376.6,49.0,9,431,54.1,9,0,1,4.6,52,John Stones
Vincent,Kompany,1,0,58,1220,7,44.2,329.0,55.0,4,294,43.0,6,0,6,1.7,52,Vincent Kompany
Nicolás,Otamendi,0,0,70,1233,7,53.7,281.2,143.0,5,335,47.8,9,0,1,2.6,60,Nicolas Otamendi
Kyle,Walker,1,1,150,2776,17,448.4,498.8,183.0,11,684,113.1,18,0,3,12.1,64,Kyle Walker
Danilo,Silva,1,0,46,805,7,118.0,165.2,99.0,7,202,38.2,4,0,1,0.6,48,Danilo Silva
Benjamin,Mendy,0,6,59,900,6,222.7,250.8,70.0,6,262,54.2,4,0,1,5.9,61,Benjamin Mendy
Aymeric,Laporte,3,3,177,3056,21,239.3,790.0,278.0,16,768,131.2,18,0,3,16.7,63,Aymeric Laporte
Fabian,Delph,0,1,29,722,9,97.8,153.8,24.0,2,186,27.5,3,1,1,0.3,53,Fabian Delph
Raheem,Sterling,17,15,234,2770,19,937.4,1060.0,1572.0,25,743,357.1,17,0,3,24.8,117,Raheem Sterling
David,Silva,6,8,143,2399,14,1150.3,715.2,1092.0,14,614,295.8,16,0,2,4.4,85,David Silva
Fernando,Rosa,1,3,79,2375,15,396.8,534.6,208.0,4,444,114.2,12,0,5,2.9,53,Fernando Rosa
Kevin,Bruyne,2,3,59,968,3,562.3,301.4,317.0,8,268,117.9,6,0,2,3.4,96,Kevin Bruyne
Ilkay,Gündogan,6,3,113,2129,15,819.7,548.8,447.0,10,528,181.6,13,0,3,2.3,54,Ilkay Gundogan
Leroy,Sané,10,12,156,1857,14,645.0,716.8,1039.0,13,520,240.3,9,0,1,7.3,93,Leroy Sane
Bernardo,Silva,7,8,154,2849,22,1026.3,796.4,1069.0,17,649,289.6,15,0,3,13.6,78,Bernardo Silva
Oleksandr,Zinchenko,0,3,44,1151,4,278.6,279.2,77.0,1,230,63.5,9,0,1,0.2,47,Oleksandr Zinchenko
Sergio,Agüero,21,11,201,2457,15,523.7,946.6,1685.0,26,740,315.4,17,0,4,42.7,120,Sergio Aguero
Gabriel,Jesus,7,3,79,1017,11,300.5,395.2,864.0,7,259,156.3,2,0,1,1.6,99,Gabriel Jesus
David,Gea,0,0,120,3420,54,0.0,846.0,0.0,7,636,84.5,7,0,1,16.2,57,David Gea
Chris,Smalling,1,0,56,2127,36,31.0,453.4,176.0,3,335,66.0,4,0,1,1.4,56,Chris Smalling
Phil,Jones,0,1,43,1261,17,44.8,300.8,42.0,3,273,39.0,3,0,1,0.5,51,Phil Jones
Luke,Shaw,1,5,91,2591,39,505.6,586.2,287.0,11,489,138.1,6,0,11,8.1,51,Luke Shaw
Eric,Bailly,0,0,16,636,13,3.4,125.0,35.0,0,109,16.5,1,1,0,1.3,50,Eric Bailly
Victor,Lindelöf,1,1,85,2600,40,75.3,533.0,118.0,9,527,72.8,6,0,1,5.2,49,Victor Lindelof
Ashley,Young,2,3,73,2568,44,650.5,554.4,124.0,4,450,133.0,4,1,8,1.7,57,Ashley Young
José,Teixeira,0,2,27,1009,18,259.0,184.4,94.0,0,171,53.7,1,0,3,0.2,53,Jose Teixeira
Alexis,Sánchez,1,5,47,869,10,297.2,207.6,307.0,1,168,81.1,2,0,3,1.2,100,Alexis Sanchez
Nemanja,Matic,1,0,59,2437,37,247.9,477.6,183.0,2,371,90.9,6,1,6,0.7,50,Nemanja Matic
Juan,Mata,3,4,70,1284,15,464.0,258.4,262.0,7,274,98.6,5,0,3,1.2,61,Juan Mata
Marouane,Fellaini,0,2,26,746,14,65.6,172.2,145.0,0,119,38.1,1,0,1,0.4,48,Marouane Fellaini
Ander,Herrera,2,3,62,1397,18,234.6,399.2,257.0,6,302,89.2,5,0,4,0.5,50,Ander Herrera
Jesse,Lingard,4,3,78,1657,26,306.1,310.0,395.0,5,270,101.1,3,0,3,2.6,67,Jesse Lingard
Anthony,Martial,10,4,122,1613,25,503.3,532.8,755.0,13,389,178.9,5,0,2,3.4,72,Anthony Martial
Paul,Pogba,13,10,179,3007,43,822.3,1096.8,1246.0,19,648,316.9,8,0,6,33.7,86,Paul Pogba
Scott,McTominay,2,0,38,862,18,33.1,175.4,180.0,4,152,38.8,1,0,1,1.2,42,Scott McTominay
Frederico,Santos,1,2,40,1039,19,203.2,177.6,87.0,3,180,46.9,1,0,2,1.2,53,Frederico Santos
Marcus,Rashford,10,7,128,2331,35,542.3,650.0,1064.0,14,425,224.6,6,1,3,21.9,73,Marcus Rashford
Romelu,Lukaku,12,1,115,2126,38,330.2,550.6,1052.0,14,361,193.5,4,0,4,3.9,107,Romelu Lukaku
Andreas,Pereira,1,1,27,590,13,139.5,132.8,67.0,2,115,33.8,1,0,5,0.3,45,Andreas Pereira
Martin,Dubravka,0,0,131,3420,48,0.0,783.6,0.0,10,647,78.4,11,0,1,1.0,50,Martin Dubravka
DeAndre,Yedlin,1,2,63,2472,41,406.3,436.4,113.0,1,325,95.8,5,1,6,0.9,45,DeAndre Yedlin
Ciaran,Clark,3,0,42,857,15,25.0,293.2,105.0,4,194,42.6,2,0,1,0.2,45,Ciaran Clark
Jamaal,Lascelles,0,1,95,2745,36,46.8,632.4,113.0,8,539,79.6,10,0,4,3.1,47,Jamaal Lascelles
Paul,Dummett,0,0,67,1986,27,94.0,424.2,58.0,3,365,57.6,7,0,1,0.2,44,Paul Dummett
Florian,Lejeune,0,0,35,1054,13,82.5,211.6,59.0,0,209,35.3,4,0,0,0.1,44,Florian Lejeune
Javier,Manquillo,0,3,53,1098,16,127.3,231.0,28.0,5,231,38.8,4,0,2,0.3,43,Javier Manquillo
Matt,Ritchie,2,8,110,2927,40,973.8,712.4,448.0,7,504,213.6,10,0,9,0.6,58,Matt Ritchie
Jonjo,Shelvey,1,1,39,943,13,351.7,226.2,154.0,2,170,73.2,5,0,1,0.3,53,Jonjo Shelvey
Mohamed,Diamé,0,0,56,2162,32,82.9,310.8,204.0,0,213,60.0,7,0,3,0.1,48,Mohamed Diame
Christian,Atsu,1,1,55,1481,18,273.0,218.8,331.0,0,175,82.3,6,0,2,0.1,51,Christian Atsu
Isaac,Hayden,1,4,69,1857,25,298.8,412.0,232.0,5,306,94.4,7,1,3,1.4,43,Isaac Hayden
Sung-yueng,Ki,0,1,38,1298,20,258.4,163.2,45.0,1,197,46.7,4,0,2,0.1,47,Sung-yueng Ki
Ayoze,Pérez,12,2,141,2916,35,585.6,783.6,954.0,19,541,232.1,11,0,2,3.4,61,Ayoze Perez
Jose,Sanmartín,2,0,30,586,15,35.9,121.4,290.0,3,89,44.6,1,0,1,2.1,47,Jose Sanmartin
Robert,Nascimento,1,1,50,1337,18,187.9,212.8,297.0,1,161,69.8,6,0,1,0.5,47,Robert Nascimento
Fabian,Schär,4,1,93,2000,23,148.6,669.4,220.0,9,403,103.8,7,0,12,1.3,45,Fabian Schar
Yoshinori,Muto,1,0,24,514,10,66.8,71.8,140.0,0,65,27.4,1,0,1,0.1,56,Yoshinori Muto
Salomón,Rondón,11,8,148,2601,31,468.0,645.6,1249.0,20,466,236.0,9,0,1,7.7,59,Salomon Rondon
Federico,Fernández,0,2,47,1482,24,63.7,350.0,70.0,5,277,48.5,3,0,2,0.2,44,Federico Fernandez
Sean,Longstaff,1,1,26,686,9,71.8,130.4,106.0,1,117,30.9,3,0,2,0.0,45,Sean Longstaff
Miguel,Almirón,0,2,28,758,11,189.8,121.4,235.0,0,107,54.6,3,0,0,0.2,60,Miguel Almiron
Danny,Ings,7,3,90,1650,27,346.9,433.8,808.0,11,310,158.4,5,0,1,3.2,54,Danny Ings
Alex,McCarthy,0,0,73,2250,44,0.0,585.2,0.0,6,414,58.6,4,0,1,2.0,43,Alex McCarthy
Ryan,Bertrand,1,0,56,2160,42,379.4,326.8,123.0,1,291,82.6,6,0,8,2.4,48,Ryan Bertrand
Maya,Yoshida,0,1,44,1518,29,57.4,387.0,189.0,4,278,63.4,3,0,0,1.1,41,Maya Yoshida
Cédric,Soares,1,2,52,1493,31,226.5,309.0,103.0,7,273,63.9,4,0,4,2.1,42,Cedric Soares
Jack,Stephens,1,0,47,1697,35,65.5,394.4,143.0,4,282,60.4,3,0,4,0.3,42,Jack Stephens
Jan,Bednarek,0,1,49,2150,37,108.8,616.0,91.0,3,365,81.9,3,0,7,7.4,40,Jan Bednarek
Wesley,Hoedt,0,0,29,1170,24,20.0,283.6,41.0,3,206,34.7,4,0,2,0.2,42,Wesley Hoedt
James,Ward-Prowse,7,0,94,1940,41,695.8,592.0,387.0,15,390,167.4,3,0,4,3.7,51,James Ward-Prowse
Oriol,Vidal,1,0,55,2131,37,158.4,455.2,124.0,3,282,74.0,6,0,11,2.2,42,Oriol Vidal
Pierre-Emile,Højbjerg,4,3,90,2760,59,445.6,616.0,421.0,8,477,148.8,4,2,7,3.2,44,Pierre-Emile Hojbjerg
Nathan,Redmond,6,5,137,3272,58,802.3,665.4,950.0,12,433,241.4,9,0,3,6.9,55,Nathan Redmond
Mario,Lemina,1,2,50,1612,37,214.7,313.0,188.0,2,270,71.6,4,0,5,0.2,47,Mario Lemina
Stuart,Armstrong,3,4,75,1421,26,392.4,305.6,379.0,3,269,107.5,5,0,2,0.2,51,Stuart Armstrong
Mohamed,Elyounoussi,0,0,28,785,10,228.3,94.2,220.0,0,91,54.2,4,0,0,0.1,60,Mohamed Elyounoussi
Shane,Long,5,2,66,1260,24,179.2,248.6,417.0,5,191,84.2,2,0,3,4.9,47,Shane Long
Charlie,Austin,2,2,46,970,17,115.3,158.4,405.0,1,117,67.4,5,0,1,0.4,55,Charlie Austin
Angus,Gunn,0,0,47,1080,18,0.0,239.2,0.0,4,206,23.8,3,0,0,1.1,43,Angus Gunn
Jannik,Vestergaard,0,0,50,2027,31,76.6,576.6,104.0,0,396,75.9,4,0,2,0.2,46,Jannik Vestergaard
Matt,Targett,1,3,36,1185,25,366.8,314.2,181.0,3,229,86.2,0,0,2,0.1,42,Matt Targett
Yan,Valery,2,1,54,1709,30,124.7,329.4,157.0,0,251,60.7,3,1,3,4.1,41,Yan Valery
Hugo,Lloris,0,0,145,2970,33,0.0,858.2,0.0,10,691,86.0,12,0,0,6.2,54,Hugo Lloris
Toby,Alderweireld,0,0,107,2921,31,139.1,690.2,229.0,7,651,105.7,12,0,3,3.7,60,Toby Alderweireld
Danny,Rose,0,4,86,1792,16,416.6,343.6,216.0,5,352,97.6,8,0,5,1.1,58,Danny Rose
Jan,Vertonghen,1,0,67,1911,23,116.7,445.4,165.0,7,390,72.7,6,1,3,4.0,59,Jan Vertonghen
Ben,Davies,0,0,66,1837,26,256.6,388.2,176.0,5,361,82.3,6,0,2,1.7,56,Ben Davies
Kieran,Trippier,1,5,118,2275,23,827.0,601.6,121.0,16,573,155.0,10,0,2,15.2,60,Kieran Trippier
Davinson,Sánchez,1,2,78,1941,22,60.3,454.2,183.0,4,412,70.0,6,0,2,1.6,58,Davinson Sanchez
Serge,Aurier,0,2,24,562,9,108.4,151.6,45.0,0,116,30.5,2,0,1,0.5,57,Serge Aurier
Eric,Dier,3,0,56,1504,18,150.1,363.4,121.0,3,269,63.6,5,0,4,0.9,47,Eric Dier
Mousa,Dembélé,0,0,14,512,6,17.5,51.0,1.0,0,74,7.1,1,0,1,0.7,49,Mousa Dembele
Erik,Lamela,4,4,67,965,12,339.9,263.8,441.0,5,231,104.1,4,0,2,0.3,59,Erik Lamela
Christian,Eriksen,8,12,161,2770,37,1148.7,876.0,801.0,15,675,283.0,8,0,3,7.7,92,Christian Eriksen
Bamidele,Alli,5,4,94,1822,21,436.6,467.2,681.0,8,356,158.5,8,0,4,2.5,88,Bamidele Alli
Victor,Wanyama,1,0,24,511,4,45.0,113.2,80.0,2,105,23.9,3,0,2,0.1,49,Victor Wanyama
Heung-Min,Son,12,8,159,2033,23,508.0,690.6,1002.0,17,489,219.9,10,1,2,10.6,86,Heung-Min Son
Harry,Winks,1,0,53,1589,17,168.6,268.2,71.0,3,275,50.7,6,0,4,0.1,55,Harry Winks
Moussa,Sissoko,0,3,76,2329,28,380.7,329.0,193.0,3,395,90.2,11,0,2,0.3,49,Moussa Sissoko
Lucas,Silva,10,2,131,2115,18,415.6,556.4,650.0,8,340,161.9,14,0,3,11.9,69,Lucas Silva
Fernando,Llorente,1,4,41,681,8,189.5,138.0,307.0,3,104,63.1,2,0,2,1.5,51,Fernando Llorente
Harry,Kane,17,6,160,2423,31,430.0,824.6,1359.0,24,561,261.3,9,0,5,12.4,126,Harry Kane
Juan,Foyth,1,0,35,888,12,59.8,248.6,53.0,4,172,36.3,3,1,3,0.2,50,Juan Foyth
Craig,Cathcart,3,0,93,3095,54,25.5,719.6,262.0,5,552,100.8,6,0,2,3.2,45,Craig Cathcart
José,Holebas,3,7,93,2392,41,598.2,642.4,164.0,10,437,140.6,5,1,12,7.9,48,Jose Holebas
Christian,Kabasele,0,0,36,1584,29,24.0,355.2,189.0,1,212,56.7,3,1,2,0.3,44,Christian Kabasele
Daryl,Janmaat,0,2,50,1520,22,212.2,346.2,118.0,6,274,67.8,3,0,3,0.4,49,Daryl Janmaat
Adrian,Mariappa,0,0,57,1924,32,61.9,404.6,79.0,2,334,54.5,5,0,3,0.6,42,Adrian Mariappa
Francisco,Far,1,1,66,2043,40,252.9,420.2,87.0,6,412,76.0,4,0,1,1.2,42,Francisco Far
Adam,Masina,0,1,26,1002,20,70.8,201.0,27.0,1,165,30.1,2,0,5,0.1,43,Adam Masina
Etienne,Capoue,1,3,79,2944,48,219.2,656.6,152.0,8,496,102.8,8,1,14,0.5,48,Etienne Capoue
Abdoulaye,Doucouré,5,7,124,3061,56,544.1,735.6,709.0,14,550,198.9,5,0,7,2.8,58,Abdoulaye Doucoure
Roberto,Pereyra,6,4,122,2817,53,512.7,458.4,744.0,13,432,171.8,6,0,3,8.0,59,Roberto Pereyra
Will,Hughes,2,4,87,2419,39,416.0,429.2,451.0,5,320,129.6,7,0,5,0.7,49,Will Hughes
Gerard,Deulofeu,10,5,133,2064,29,455.6,549.2,856.0,10,344,185.6,9,0,3,7.2,57,Gerard Deulofeu
Andre,Gray,7,2,83,1352,23,183.9,331.8,620.0,10,254,112.8,4,0,2,1.9,59,Andre Gray
Troy,Deeney,9,5,116,2542,44,549.5,607.4,1019.0,13,411,216.9,5,1,4,3.7,58,Troy Deeney
Ben,Foster,0,0,129,3420,59,50.0,988.0,1.0,11,703,104.1,7,0,1,8.5,46,Ben Foster
Ken,Sema,1,2,37,747,9,112.7,128.6,169.0,1,91,40.8,3,0,1,0.1,46,Ken Sema
Isaac,Ajayi,1,1,42,1033,21,274.5,148.6,394.0,0,125,81.4,2,0,4,2.4,45,Isaac Ajayi
Lukasz,Fabianski,0,0,143,3420,55,20.0,1136.0,0.0,15,742,115.5,7,0,0,14.3,47,Lukasz Fabianski
Aaron,Cresswell,0,1,34,1588,26,290.9,318.2,113.0,0,257,72.3,1,0,1,0.5,50,Aaron Cresswell
Angelo,Ogbonna,1,1,48,1871,36,54.2,462.4,168.0,2,314,68.5,2,0,2,0.8,42,Angelo Ogbonna
Pablo,Zabaleta,0,1,56,2089,35,163.2,447.4,106.0,4,350,71.8,4,0,4,1.7,43,Pablo Zabaleta
Declan,Rice,2,0,92,3003,47,174.2,584.4,213.0,9,586,97.1,6,0,4,4.2,44,Declan Rice
Ryan,Fredericks,1,0,38,1084,16,77.2,254.8,85.0,4,169,42.0,3,0,5,0.3,45,Ryan Fredericks
Issa,Diop,1,0,87,2970,43,52.3,733.0,162.0,6,561,94.8,7,0,4,1.4,42,Issa Diop
Arthur,Masuaku,0,2,49,1757,29,212.0,434.4,55.0,0,311,70.3,4,0,2,1.5,42,Arthur Masuaku
Mark,Noble,5,5,99,2289,31,359.8,521.4,196.0,5,454,107.6,7,1,6,0.5,48,Mark Noble
Pedro,Obiang,0,2,43,1116,21,105.9,219.2,112.0,1,188,43.6,2,0,0,0.8,42,Pedro Obiang
Manuel,Lanzini,1,2,31,685,12,118.2,141.0,165.0,3,148,42.4,2,0,2,0.1,64,Manuel Lanzini
Michail,Antonio,6,8,118,2093,30,346.2,482.0,852.0,6,305,167.0,7,0,3,1.2,68,Michail Antonio
Marko,Arnautovic,10,5,117,1988,34,500.6,551.6,946.0,15,405,199.2,4,0,3,6.7,67,Marko Arnautovic
Javier,Balcázar,7,4,86,1326,20,112.0,301.0,528.0,10,276,93.4,6,0,2,1.5,61,Javier Balcazar
Fabián,Balbuena,1,0,61,2013,32,40.9,534.6,201.0,3,375,77.8,5,0,2,0.3,42,Fabian Balbuena
Felipe,Gomes,9,6,155,3045,49,1042.4,882.2,799.0,18,619,272.2,7,0,3,8.2,68,Felipe Gomes
Robert,Snodgrass,2,5,85,2215,33,976.0,460.8,380.0,9,364,181.5,5,0,10,0.9,50,Robert Snodgrass
Grady,Diangana,0,1,25,600,13,174.5,115.0,175.0,0,86,46.2,2,0,0,0.0,45,Grady Diangana
Willy,Boly,4,0,120,3168,43,146.9,954.2,279.0,10,635,137.7,8,1,2,6.1,47,Willy Boly
Matt,Doherty,4,7,144,3141,41,547.4,758.8,711.0,12,596,201.6,8,0,5,21.9,53,Matt Doherty
Romain,Saïss,2,0,47,1142,17,70.9,363.6,129.0,5,248,56.2,3,0,7,0.4,42,Romain Saiss
Ryan,Bennett,1,0,89,3060,38,129.7,566.4,172.0,1,467,86.9,9,0,12,8.0,41,Ryan Bennett
Conor,Coady,0,0,94,3420,46,26.2,593.2,0.0,6,585,61.8,9,0,5,0.9,45,Conor Coady
Rúben,Vinagre,0,0,24,703,9,113.7,117.0,69.0,0,118,30.0,1,0,1,0.1,43,Ruben Vinagre
Diogo,Jota,9,8,139,2352,29,402.5,559.6,888.0,13,386,185.0,10,0,11,8.5,63,Diogo Jota
Rúben,Neves,4,3,104,3006,43,365.9,698.2,402.0,7,483,146.8,8,0,8,10.4,49,Ruben Neves
Ivan,Cavaleiro,3,1,48,677,11,313.6,198.0,156.0,3,156,66.0,1,0,1,0.1,52,Ivan Cavaleiro
Hélder,Costa,1,2,52,1333,19,264.0,162.8,280.0,0,136,70.9,5,0,3,0.4,46,Helder Costa
Raúl,Jiménez,13,10,181,3112,40,648.5,788.8,1428.0,31,602,285.4,12,0,4,33.4,69,Raul Jimenez
Morgan,Gibbs-White,0,1,37,645,12,181.1,73.2,72.0,0,113,32.5,4,0,1,0.5,43,Morgan Gibbs-White
Rui,Patrício,0,0,118,3330,46,0.0,695.0,0.0,4,581,69.1,8,0,0,8.0,45,Rui Patricio
João,Moutinho,1,8,119,3030,39,1245.8,812.6,102.0,13,628,216.4,9,0,4,5.1,51,Joao Moutinho
Jonathan,Otto,1,3,103,2772,39,447.3,523.4,361.0,9,488,133.3,8,0,6,3.6,43,Jonathan Otto
Adama,Traoré,1,1,44,884,13,271.3,223.4,265.0,2,182,75.8,1,0,1,0.3,51,Adama Traore
Leander,Dendoncker,2,0,48,1465,21,126.6,334.8,288.0,1,209,75.1,3,0,1,0.6,43,Leander Dendoncker
